-5.03321;-4.3159494;-1.4200145;-0.07165223;-3.5210752;-2.139617;-2.1860056;-0.9049494;-6.108656;-6.014559;-1.7900678;-3.6496644;-2.54353;-6.4240227;-4.57286;4.2207804;-0.4833359;-0.390741;-0.8788924;-4.096332;-2.400159;-2.69988;-1.7092884;-1.8493865;-6.328497;-4.8230443;-3.7547216;8.777864;2.7209222;-1.7873468;1.4172904;0.8493509;0.28715456;0.96157825;2.0659714;4.5808144;0.0652982;1.2152506;3.8996406;1.1462706;1.6585934;-0.5336994;0.17446315;-5.0633373;1.7853823;1.726573;-1.302775;-1.2425818;-1.6323572;1.3979574;-5.8199983;-4.268065;-5.8263464;2.4460118;0.4021324;-4.2375774;2.4675388;-1.0633808;0.84348583;-0.32019043;-0.4166753;1.4188882;-0.5260148;-2.6534994;-4.2217326;-0.43961263;0.7032164;-0.45316914;-0.94057083;-3.4839926;-0.80625594;1.0529333;1.006963;-0.7733135;-3.996242;-0.7425812;-0.86102873;-3.2283766;-2.5643744;1.350389;
-6.8235183;-11.589571;-5.8514657;-6.689572;-9.359241;-6.0606704;-6.7321663;-6.879625;-8.416824;-8.259412;-4.319199;-5.416849;-5.647719;-8.889967;-7.7988863;-3.6609416;-4.6202736;-7.548323;-5.0633435;-8.425874;-5.90558;-6.68314;-5.514121;-5.72916;-12.276069;-8.286873;-7.7808776;-0.8195069;-5.327596;-7.9595113;-5.166546;-4.734785;-6.1021776;-5.8565683;-5.0817294;-1.5144376;-7.5494356;-6.065859;-4.862632;-5.8495984;-2.9537122;-6.2749095;-7.5168867;-7.9090986;-5.2347455;-6.8043075;-8.222436;-6.666346;-7.991345;-7.4948125;-8.661336;-8.800676;-8.236646;-1.9708371;-3.0519795;-7.6576614;-2.2845004;-3.227249;-3.6894016;-4.7121344;-3.2361193;-2.0164487;-4.206113;-8.725128;-6.194442;-5.146948;-3.0166535;-3.0650687;-4.5828934;-6.215196;-5.690182;-4.0295005;-2.300366;-3.7931695;-8.065944;-5.4612885;-2.1632667;-4.716465;-5.6350517;6.4528723;
-11.694765;-11.97196;-9.422848;-12.267906;-14.842291;-7.2266474;-10.311586;-10.27753;-13.97506;-13.8696995;-5.080066;-7.8199472;-6.848149;-13.29178;-9.83868;-7.4466786;-11.342528;-11.891173;-10.995909;-11.117561;-9.697523;-14.020836;-9.945181;-9.681767;-14.571002;-15.435215;-14.06131;-9.012488;-10.641093;-10.182166;-10.539017;-9.642035;-11.677018;-9.421374;-9.628922;-1.8758563;-10.763087;-8.97514;-3.9281085;-7.948888;-4.821651;-7.807;-12.216509;-13.620783;-10.074818;-9.085662;-9.837047;-8.457721;-9.621721;-7.9844475;-14.469275;-12.493213;-14.418879;-5.7927556;-7.3609033;-8.361601;-5.8287416;-4.9328027;-7.2932997;-4.012233;-6.612507;-2.638644;-7.9103518;-11.172284;-5.1675186;-6.958899;-3.3735862;-5.398077;-6.577116;-8.408489;-4.7441287;-5.5010686;-3.6236753;-4.4814053;-9.7965975;-8.096395;-5.730566;-7.8564277;-10.261366;5.9200125;
-11.827259;-13.135195;-11.488747;-11.668112;-13.202512;-7.8798656;-11.695461;-12.238132;-14.893547;-14.307457;-6.8736844;-8.961088;-8.005455;-12.494399;-7.6268144;-8.149217;-10.547058;-14.114613;-9.896771;-12.065987;-10.059352;-15.094389;-11.942429;-10.960909;-14.611675;-16.46637;-16.2045;-12.964867;-11.344568;-6.2290826;-11.863962;-7.781701;-13.909505;-10.167968;-11.72171;-3.8532147;-11.862228;-6.2513957;-1.8363675;-7.7860813;-3.847769;-9.459679;-16.072866;-13.669625;-9.98028;-9.948165;-9.047537;-5.356483;-7.5698147;-4.5959415;-14.054057;-12.291973;-14.039159;-6.9106283;-6.464108;-5.0230217;-5.9432726;-5.0443025;-7.5755205;-4.77216;-6.7981224;-5.624614;-10.654407;-7.7836037;-3.8897665;-8.273695;-2.2993548;-6.500718;-6.516568;-8.066702;-5.8460197;-8.41467;-5.3994837;-2.4383693;-8.099378;-7.3011627;-6.079525;-8.917648;-12.220056;4.3918056;
-6.8669453;-6.898571;-2.8272598;-4.072985;-6.4686646;-5.746031;-3.311137;-3.7041442;-8.898174;-8.389802;-2.6988907;-5.2517676;-3.5656412;-6.360283;-2.4609632;-1.7238107;-3.472702;-6.723418;-1.0206381;-5.218026;-3.6555269;-7.227017;-4.8865085;-4.559827;-6.458423;-7.839114;-6.6348176;-4.0461946;-3.4470606;1.5333982;-5.8825216;-1.7876775;-3.6417854;-0.9786633;-2.6449068;-0.22183901;-3.3618116;1.4032493;3.0642412;-0.98917174;1.033986;-4.0952435;-5.2686195;-7.7596517;-0.44349474;-3.1557877;-2.0831165;1.6268793;-0.670804;1.4512547;-8.259547;-4.5198245;-7.6820393;-5.335347;-4.5729227;-1.9935541;-2.3227806;-4.201831;-3.510285;-1.2564878;-3.5723574;-5.7604775;-5.6554623;-2.8121867;-2.7954507;-3.8972492;1.7087629;-5.205612;-4.0089917;-2.5905912;-1.8112622;-5.9357185;-3.4654388;-1.2698739;-3.3684077;-2.5355616;-0.841102;-3.9085035;-4.6054096;-0.98584515;
-8.729109;-10.231715;-4.3441706;-8.7751665;-12.05028;-4.761738;-9.868965;-4.772212;-11.777142;-12.86001;-3.708346;-7.003238;-3.1677234;-11.922741;-7.7954803;-7.576733;-8.995051;-9.190566;-8.504677;-8.812206;-11.205193;-10.45321;-10.940983;-10.286202;-9.356201;-10.53257;-9.610272;-8.317435;-7.531915;-6.1769977;-7.9492817;-7.3230314;-7.227301;-6.588321;-10.00639;-3.3341804;-8.335378;-8.423301;-2.7919726;-8.047211;-6.271396;-8.453019;-9.413024;-12.253628;-7.184544;-6.4293427;-6.483262;-6.9158278;-10.470925;-7.418749;-12.689031;-9.829255;-12.393722;-7.3489914;-6.8805275;-6.6976805;-6.378391;-5.628962;-7.8717813;-3.469036;-6.2415214;-5.111127;-7.448268;-9.05902;-6.804382;-5.408343;-3.2756662;-7.14641;-6.1117697;-7.5804176;-5.424448;-7.801685;-8.193421;-6.5435424;-7.7334404;-7.9591613;-6.3958063;-6.846217;-9.103057;6.528472;
-7.5886946;-7.6614933;-3.848705;-7.5831847;-6.411484;-2.2756586;-5.502575;-4.012681;-10.007186;-10.741774;-1.7199883;-6.2590976;-2.9948516;-9.249249;-4.4414673;-4.281092;-4.28052;-5.641609;-2.4844804;-5.7640133;-4.8951945;-6.4824753;-6.2749233;-7.5446634;-8.315538;-8.066256;-9.06278;-7.5093884;-6.7539883;-2.4032629;-7.2343755;-2.6591377;-6.1342983;-3.869624;-7.2549605;-0.7755921;-6.593387;-4.0143013;1.6300488;-5.994335;-2.0601807;-4.770236;-9.013843;-9.670069;-4.761935;-5.517305;-4.9615746;-4.269405;-7.4385595;-4.618508;-10.468016;-5.5241795;-10.051165;-5.7514906;-4.377869;-4.5937176;-3.8466706;-4.275162;-5.694843;-0.9796755;-2.4355843;-4.8642707;-3.7467093;-4.613441;-2.96706;-5.9075127;-4.00912;-6.4076085;-6.241037;-5.150008;-5.333455;-7.725849;-4.062048;-5.7290406;-6.9264035;-5.521327;-3.0413558;-5.698675;-6.0462923;4.925645;
-5.1362247;-3.6317563;0.30353963;-2.8466754;-4.1741405;-2.4792304;-1.7160664;-0.8519957;-7.1746583;-7.5298886;1.1438371;-2.5857937;-1.5776647;-6.2746487;-2.1540053;-1.3482629;-1.2992319;-2.7683332;1.3751333;-1.0804002;-1.1437616;-3.4480793;-1.5122176;-3.62167;-5.548975;-4.778022;-4.712571;-2.6829782;-2.8289137;1.8069949;-4.1943636;0.1298801;-0.36613488;0.9613156;-2.0938025;1.2779784;-0.8701178;-0.5754826;4.9961953;-1.7310671;0.6892558;-1.6686401;-3.3437452;-7.4427867;0.18878126;-2.3635042;0.022257686;0.4500038;-2.3831081;-0.1646223;-7.705274;-0.8509251;-6.930676;-3.535928;-3.3959613;-2.3520775;-1.9367235;-2.4879699;-2.1394005;1.7897037;-0.096027166;-3.6565595;0.20684916;-0.9070996;-1.7936051;-3.12527;0.14271319;-4.3373847;-3.188232;-1.5226921;-1.5234464;-6.336379;-1.5004232;-3.0291638;-3.8059616;-1.5342225;-2.0877938;-2.4400258;-2.3778331;0.14467925;
-6.6011662;-7.5136924;-2.3853047;-5.756545;-8.119774;-3.0685773;-7.5205545;-4.1166887;-9.313661;-10.202002;-0.56736636;-1.0380079;-1.374325;-9.679547;-7.3599067;-6.693228;-7.9220905;-8.296764;-6.627186;-6.0892015;-7.271773;-8.82581;-7.2985816;-9.418337;-6.618545;-7.556855;-8.129031;-5.0083494;-6.1126127;-4.994196;-7.1025124;-5.0059395;-4.8542137;-4.9015603;-7.522826;-1.5559888;-7.470727;-8.671574;-2.0545444;-6.1278663;-5.324587;-5.513594;-7.1785073;-9.91438;-6.5942006;-7.0001664;-4.3251987;-5.4857807;-8.87735;-6.112006;-10.437064;-6.628089;-9.943444;-5.3622446;-7.148104;-5.7359486;-4.684092;-3.1294785;-6.0450077;-2.9206128;-3.746481;-1.8418185;-4.6775084;-6.5651703;-6.155805;-4.976165;-2.866051;-4.282411;-6.3114805;-5.244316;-3.0394337;-7.6124015;-6.4517;-4.9744673;-7.414956;-6.4857416;-7.1110563;-4.791909;-6.3369465;4.9358473;
-8.811085;-11.354294;-5.79508;-10.474155;-10.467395;-0.6415728;-10.545467;-6.580099;-12.530873;-12.989441;-0.79433024;-0.70364356;-1.9268075;-12.611796;-9.226891;-9.213984;-9.090569;-9.100469;-11.272432;-8.1909;-9.839548;-11.776448;-8.718293;-11.222129;-8.814294;-9.499408;-11.776452;-9.051725;-10.116473;-9.691598;-9.783302;-6.168266;-10.370686;-9.677439;-13.601011;-2.569568;-12.936171;-16.0033;-6.678621;-10.7566185;-7.6918187;-8.6932335;-12.474363;-12.636879;-12.725635;-9.142132;-7.699687;-12.82984;-15.185999;-10.317114;-13.449707;-12.789198;-12.573321;-5.498027;-7.603687;-6.6676483;-7.2858734;-5.512067;-8.196016;-4.677118;-7.0549717;-2.95102;-8.215099;-8.666607;-7.207411;-7.160815;-5.2864246;-4.949596;-7.8847146;-7.7512736;-3.6241574;-6.8570576;-6.9907827;-7.1403813;-10.32626;-7.8625317;-9.605539;-6.8666096;-7.485608;4.450056;
-5.122511;-4.8701625;-1.5356483;-4.198794;-3.35997;-1.8600724;-3.4603844;-0.9182199;-6.9903545;-6.724187;1.5015099;-1.0582609;-1.4731462;-6.6258736;-3.05271;-2.8936234;-0.67067766;-1.4524965;-2.1894126;-1.7996242;-1.9349538;-4.109623;-3.6663437;-3.541422;-3.9191127;-3.4459028;-5.0514936;1.1597122;-1.7858286;0.5376451;-1.3133125;3.5837586;-2.436785;0.81648886;-2.9217222;1.954011;-4.3789496;-5.860479;1.8887075;-2.116529;0.6587179;-0.48053813;-3.9811573;-6.1719007;-1.5394957;-2.179453;-1.3337471;-4.9430137;-6.4457326;-1.269453;-6.8748283;-5.332566;-6.2919025;-1.7221009;-2.31775;-3.0879586;-2.9281852;-4.2125235;-4.4423466;0.6419453;-5.8159757;-2.5729678;-2.982151;-2.433588;-5.7971983;-4.3098593;-4.424111;-3.038149;-5.0146656;-1.7509285;-3.391667;-4.0904284;-3.7656183;-3.9391003;-5.560436;-3.636861;-2.948009;-4.336279;-0.8558034;1.234935;
-4.835553;-4.8615212;0.16272044;-2.9007907;-4.046547;-3.0951035;-3.9710245;-2.7790153;-7.7352114;-7.3415728;0.40782523;-1.1228766;-0.7657628;-6.917392;-1.5536361;-1.9344434;-0.28837246;-1.1549226;-0.7890247;-1.0679731;-1.73522;-3.7684019;-0.6866236;-2.348187;-5.9478593;-4.722196;-4.439267;0.43989182;-0.59991264;-0.86710274;-0.3296801;1.6256392;0.8862053;2.1835346;-0.5464283;1.4697483;-1.2220514;-2.5880096;1.7300618;0.6376283;1.8516834;1.110455;-1.5607731;-7.0463896;1.3936298;0.6591451;0.055591226;-4.0613565;-2.9739997;-1.4252625;-7.5231915;-1.0461428;-7.276364;-1.9924575;-3.4452693;-4.5508156;-0.82879734;-2.4803867;-2.5228257;1.8015487;-4.2964416;-5.4695654;-2.702211;-2.3031912;-4.654729;-3.9786887;-3.9457483;-3.1579404;-4.734248;-2.2768054;-4.55509;-3.2666817;-3.689058;-5.561015;-6.602483;-4.6599994;-3.7726488;-3.0249226;-1.1320577;0.8946186;
-9.702951;-13.027441;-5.2023916;-11.465557;-12.130402;-7.0624285;-13.9546175;-8.933605;-13.93548;-13.944887;-4.5722914;-2.9049392;-2.6972196;-14.223904;-7.7295594;-12.225428;-10.416039;-10.710901;-12.069906;-8.482913;-10.688963;-14.461597;-8.7759495;-11.117258;-11.764811;-11.930124;-12.159947;-8.859079;-9.273731;-10.758734;-9.026983;-8.049337;-10.098733;-8.751612;-11.5198555;-5.4474535;-11.765981;-15.5141325;-7.0524898;-8.680485;-7.005027;-6.990054;-11.270588;-13.209017;-10.543959;-7.8226166;-9.173253;-12.930238;-14.484951;-10.673998;-14.992294;-11.808423;-14.406576;-6.017648;-9.125777;-10.099237;-5.392152;-5.7621164;-8.232832;-4.983195;-7.654241;-8.20969;-10.840813;-9.515278;-7.156974;-6.6222324;-7.444477;-6.1803837;-8.4253;-9.46811;-4.735388;-8.25291;-9.672896;-7.7353086;-9.884608;-10.230342;-10.004938;-7.212975;-9.502565;5.98394;
-9.321048;-13.328306;-7.0885677;-14.331461;-12.251101;-4.539253;-13.534523;-9.54525;-15.337714;-15.008464;-3.5502148;-2.4689984;-3.544529;-15.081239;-6.483291;-11.635975;-10.041321;-10.579662;-12.2636175;-9.149595;-10.718918;-15.074812;-8.75729;-11.799179;-12.508274;-13.14887;-13.916132;-10.162675;-12.922945;-11.748657;-10.787778;-9.162708;-13.766842;-12.052636;-12.785236;-4.653415;-16.53291;-17.930473;-10.266063;-11.271795;-5.4311934;-9.125502;-12.348171;-14.39772;-12.555932;-9.812902;-8.812881;-14.405077;-16.02018;-10.172947;-15.999511;-14.363623;-15.081764;-6.717661;-7.5733585;-10.898907;-6.683644;-6.1085644;-8.302391;-6.876627;-6.8372684;-9.57296;-12.599112;-8.441693;-7.1532435;-7.0852394;-7.8721566;-6.3026295;-7.5948615;-12.119183;-6.0708437;-7.884622;-9.425371;-7.867094;-9.747902;-8.461777;-11.517148;-8.636981;-10.42071;3.0644994;
-7.723271;-8.924392;-3.259656;-10.502232;-8.158546;-4.25777;-6.242932;-4.440963;-12.209806;-11.7701435;-1.0613484;-3.533201;-3.7352116;-10.940605;-2.7259204;-4.229599;-3.9875994;-6.7993784;-5.93988;-5.399414;-4.4946566;-8.362908;-4.6002245;-7.942071;-8.7645855;-7.7690783;-6.920435;0.09709489;-5.6808505;-5.2451844;-2.7136984;-5.813875;-7.511348;-5.430373;-1.1621222;-2.5639424;-8.200288;-8.064053;-5.531688;-0.891852;3.4223547;-3.8787985;-1.3005829;-11.463646;-1.2907203;-5.490967;-3.7244387;-6.7385483;-6.8966055;-1.5040059;-12.122452;-7.39921;-11.547762;-4.6580625;-4.548522;-8.009961;-6.098549;-5.433751;-4.299317;-4.6518564;-4.4284477;-10.117428;-7.6441565;-5.923097;-5.3435183;-2.9349833;-3.644179;-5.149966;-0.10555196;-6.758958;-2.0873108;-5.9764605;-6.4243217;-4.9873204;-5.7498636;-1.9743215;-9.806584;-7.4964814;-8.016418;-2.091872;
-11.150717;-15.675778;-8.428027;-15.217694;-14.599754;-9.269132;-11.9759245;-11.076662;-16.675735;-16.699448;-7.0265846;-8.938515;-8.840123;-15.266101;-7.4841237;-9.778688;-11.166897;-13.377466;-11.015468;-12.976667;-10.553143;-13.253126;-13.030983;-13.639101;-16.637459;-14.379002;-12.837517;-5.258454;-9.823952;-10.082183;-7.714795;-13.212126;-11.695528;-9.870851;-7.1327534;-7.77746;-13.145443;-12.781389;-9.09292;-5.892356;-2.84516;-7.7689285;-6.49907;-15.82519;-7.198838;-12.775393;-8.142193;-8.187088;-10.562241;-6.157405;-16.789818;-11.314676;-15.723837;-7.4046226;-7.576789;-11.739803;-6.5073285;-8.13187;-9.711976;-8.600361;-6.5337324;-8.952451;-13.053195;-12.203506;-7.329023;-8.455236;-8.299241;-6.272161;-5.141144;-12.333907;-5.667303;-9.988083;-9.610061;-8.361835;-8.117856;-7.0854383;-14.613143;-9.40692;-14.844084;6.36887;
-11.047588;-16.074358;-7.8379664;-12.736274;-14.425187;-7.6776237;-12.575439;-11.320129;-14.885731;-15.514307;-6.1068954;-5.7069917;-7.3874784;-15.038655;-5.612319;-10.862061;-12.51563;-11.7699175;-10.575214;-10.581656;-10.390758;-13.772578;-12.993265;-11.353928;-15.326162;-13.106984;-13.819628;-7.1292768;-10.143742;-7.6353836;-7.434599;-10.792938;-11.40834;-9.518677;-7.0077796;-5.5837674;-8.964727;-12.069687;-6.71523;-5.565385;-7.1576395;-4.6642275;-8.148843;-15.2574005;-9.612259;-8.566912;-7.4511003;-5.4020643;-8.291254;-6.4139013;-15.417183;-6.877199;-14.729131;-7.5033407;-7.2001343;-9.557624;-5.7395144;-7.725277;-10.074165;-8.700673;-7.6283946;-7.5874567;-10.12505;-10.385855;-4.3975325;-8.261759;-9.282798;-3.7870536;-7.207305;-11.323925;-3.0405746;-8.182533;-8.426474;-5.5997715;-5.812139;-7.538301;-12.687756;-7.5678005;-13.028375;4.4893913;
-13.864983;-18.296999;-9.0648;-16.8289;-19.358273;-6.3539124;-17.654383;-12.958069;-18.371143;-18.731617;-5.49792;-4.468317;-6.229788;-19.057018;-9.7546215;-14.843555;-15.6409645;-12.696622;-17.54853;-11.702017;-15.055767;-17.676287;-15.946678;-14.498715;-18.0835;-16.142147;-17.738462;-10.80747;-13.529505;-13.925862;-9.773869;-13.810838;-15.853046;-12.140324;-12.794321;-6.632418;-13.606165;-19.431389;-13.050475;-11.079474;-11.570997;-8.593234;-11.639136;-18.065147;-15.404553;-10.125509;-11.9366865;-12.782915;-16.639965;-14.571669;-18.92689;-11.525198;-18.44123;-7.144926;-8.346902;-12.633806;-8.201693;-9.134727;-13.296985;-8.76668;-10.2995615;-7.416698;-12.832619;-14.306198;-6.0447054;-8.661642;-9.416492;-4.9151354;-8.542995;-14.977126;-4.2771215;-7.2631326;-9.569171;-8.005528;-9.711852;-11.274912;-15.417141;-7.978219;-15.836878;2.8725567;
-12.107731;-12.324902;-6.414892;-11.193711;-12.548384;-5.860893;-10.760678;-9.5798;-14.773503;-14.681705;-4.915638;-2.5923965;-4.2974443;-14.538864;-3.6353352;-10.224424;-9.679565;-7.8793526;-10.493867;-8.250806;-7.6673307;-11.61564;-11.098078;-8.488553;-12.235479;-10.94486;-11.421942;-2.7759614;-7.399272;-5.1880965;-1.7195656;-6.0011816;-10.771758;-4.37229;-3.2878885;-2.3735573;-6.854212;-8.757295;-5.099269;-3.43231;-5.2245007;-0.4483626;-5.756339;-13.860052;-8.419845;-1.6973066;-8.126301;-5.7313952;-8.068536;-7.1231337;-14.334181;-4.4476175;-13.8349495;-2.2611835;-2.7624524;-9.26652;-3.8944364;-6.8935018;-10.226063;-6.42691;-7.219918;-7.0954404;-9.933672;-9.144119;-6.1324644;-5.4239764;-5.8134727;-0.40161705;-7.182591;-10.766249;-7.0217524;-4.228426;-8.763357;-5.127087;-6.4599805;-8.142899;-10.706358;-7.755192;-10.347118;-0.96449435;
-11.039263;-10.562068;-6.1940374;-10.906488;-10.843525;-5.797294;-9.52213;-9.312496;-13.725311;-13.514736;-5.614039;-5.4156084;-4.9579225;-13.553856;-4.4356318;-9.516391;-7.6451263;-7.882444;-9.786594;-8.16211;-8.872503;-10.465426;-9.771234;-7.004909;-11.18897;-11.324451;-9.792357;-2.4849575;-6.300954;-5.843237;-3.8900707;-7.845685;-7.9220686;-4.914285;-4.369589;-3.2692077;-8.066505;-9.397911;-6.810262;-3.3339345;-5.969548;-1.1790488;-3.5882812;-13.100761;-6.8280916;-1.6651175;-7.3688;-6.1878467;-8.819749;-7.447331;-13.038795;-5.4528146;-12.952229;-4.664756;-4.8435807;-10.10624;-4.5307865;-6.4222207;-9.19653;-5.2858496;-8.087732;-6.5679183;-9.23289;-11.310805;-7.3885584;-5.4121337;-5.766926;-1.617844;-6.9694366;-9.306438;-5.845423;-5.0115104;-10.45587;-5.348008;-5.900722;-8.30855;-9.565179;-8.806506;-11.456923;3.650918;
-18.942007;-24.417461;-15.533604;-22.473858;-23.629765;-11.07708;-23.835773;-19.647854;-23.59325;-23.659233;-11.307711;-10.073106;-9.719002;-23.903942;-17.811886;-18.626831;-21.463718;-21.75028;-23.96719;-21.358477;-23.947037;-22.498447;-23.8826;-22.173477;-23.043394;-21.944878;-24.019014;-13.568361;-17.854355;-21.561666;-18.175838;-19.840666;-20.462791;-18.49587;-17.031384;-12.001969;-22.475426;-22.369764;-16.553055;-16.048218;-17.674698;-18.492044;-16.984726;-23.272213;-19.391968;-16.125149;-16.092241;-20.000225;-23.542477;-20.260391;-23.67685;-19.326077;-23.461824;-9.954026;-13.748356;-14.798553;-10.3329315;-10.24135;-14.263154;-10.583707;-12.03767;-8.232412;-19.310692;-19.305521;-9.84082;-10.409147;-8.598162;-8.141307;-12.466526;-21.827734;-5.4339533;-10.022728;-12.99927;-9.243222;-13.843664;-15.285513;-17.936146;-12.769441;-21.574423;4.792253;
-6.6002617;-5.611719;-3.2607162;-5.774768;-5.589002;-4.0274215;-5.8696976;-4.1191616;-9.145256;-8.754747;-3.814103;-0.6047045;-3.2339594;-9.029314;-1.6972336;0.8149034;-2.3807197;-5.6292076;-4.2003827;-5.017263;-4.372573;-3.9544806;-5.258379;-3.6931386;-6.385535;-4.1734;-5.432842;6.1905217;-1.1008933;-1.7177366;-0.6391281;-3.0759165;-2.4045918;-0.26167214;0.20700443;-0.18450463;-5.320344;-0.73825264;1.4468293;-0.68439835;0.50374794;-2.7479005;0.904071;-7.632142;1.9995041;-0.66335773;-2.8450034;-1.2789059;-4.650524;-0.7472257;-8.264508;-3.3052433;-8.229765;-1.9865236;-2.5627534;-7.479943;-0.8233377;-5.513192;-4.0490737;-4.1339664;-3.1291301;-5.0018625;-5.6648993;-3.5911798;-4.630165;-3.6586566;-0.31628883;-6.2724266;-3.7035131;-4.483497;-2.9241972;-6.575624;-5.062795;-4.2827063;-7.316604;-4.4771333;-6.4673185;-6.1761627;-5.827799;-2.615296;
-10.794257;-14.738813;-9.242069;-14.587375;-15.217087;-8.694579;-12.932824;-10.589755;-16.009827;-15.791691;-8.835531;-9.618491;-9.737466;-14.537268;-9.590154;-7.750645;-10.99623;-12.727334;-13.021103;-13.360329;-13.661542;-10.872787;-14.010374;-12.05052;-15.0021;-12.874363;-11.583689;-4.3787546;-8.482672;-13.534751;-8.112516;-14.121168;-10.702094;-9.169297;-8.025809;-6.510562;-12.795515;-12.27061;-9.066053;-9.458698;-6.248037;-12.354274;-7.932866;-15.023738;-8.199991;-11.662548;-9.731686;-12.331268;-14.324405;-10.227807;-15.571817;-11.5932455;-15.148542;-4.552741;-9.8038025;-13.071694;-4.611821;-8.548551;-7.390706;-8.87105;-8.003394;-6.806158;-11.07829;-12.766413;-8.694921;-7.9478693;-6.196792;-9.991475;-7.7972245;-9.885465;-8.544335;-8.687782;-8.772459;-9.342261;-11.744448;-11.797039;-11.531087;-10.455084;-11.744543;6.9676676;
-12.224119;-16.004456;-11.313915;-14.746681;-16.384842;-6.240001;-13.088503;-10.687248;-17.4954;-17.42259;-7.8331785;-8.695223;-7.93459;-16.254969;-10.384106;-8.91724;-13.106132;-12.926306;-14.60791;-13.642317;-13.991013;-14.044817;-13.664283;-12.734998;-16.209953;-13.904375;-14.89192;-8.093374;-10.611767;-13.162139;-9.34067;-12.429985;-11.753388;-9.675499;-9.77133;-2.9993336;-9.167583;-12.622701;-5.6053433;-10.109903;-7.7246027;-10.906506;-11.545116;-16.70793;-10.478917;-10.167719;-8.68723;-11.118591;-14.363483;-9.126223;-17.737827;-11.430203;-17.272615;-6.395209;-10.383451;-10.996445;-7.451196;-8.763572;-6.3559737;-6.8776555;-8.646332;-5.978681;-8.973189;-12.568384;-5.9899755;-7.463431;-5.746885;-9.064486;-8.543974;-9.313447;-6.364541;-7.659075;-8.328399;-8.605812;-10.549376;-12.066036;-12.497467;-10.402088;-11.648012;5.859003;
-12.441092;-15.415221;-9.817219;-13.660439;-15.248134;-5.7827144;-13.492861;-12.048681;-18.184687;-17.739265;-7.1492333;-6.385695;-6.846239;-16.436308;-10.694208;-9.7943735;-13.317029;-15.176244;-13.6206665;-13.176695;-13.614016;-15.414863;-14.506815;-14.37862;-15.440898;-14.577402;-15.387234;-11.114743;-10.48101;-9.728789;-9.918552;-9.707949;-11.944416;-9.892876;-12.29927;-3.8323472;-10.404384;-10.633228;-2.6002722;-10.8000145;-8.0374565;-11.4888525;-12.837098;-16.833687;-9.6551;-10.791536;-9.770607;-9.550029;-13.736054;-7.362137;-17.71929;-11.213217;-17.124361;-8.190918;-7.8382564;-7.263755;-9.426566;-7.7557597;-8.347221;-6.1318545;-7.0615053;-7.269133;-11.075074;-9.673498;-4.7863855;-8.374717;-5.960542;-10.088196;-9.363567;-9.765425;-6.5527925;-8.628301;-9.792571;-6.326951;-10.6796465;-11.745201;-11.948683;-11.485164;-13.377191;4.73972;
-7.0419965;-6.4160204;-1.2876663;-5.602146;-6.962409;-4.714952;-4.2390647;-4.2301393;-11.301073;-10.779125;-3.3976073;-1.3240274;-2.6818113;-9.628834;-3.269459;-3.5475307;-3.3832276;-8.582641;-4.0576816;-4.214406;-4.3938246;-6.399959;-5.74824;-5.7760572;-6.381896;-5.661737;-4.45691;-2.1816926;-3.198626;1.4839989;-3.2304158;-1.4281812;-3.6163142;-0.78327847;-2.285572;-1.8154795;-2.5775156;-1.2069361;5.4263387;-2.3483586;-1.0921755;-3.4951584;-4.8287387;-9.896529;-0.7825588;-3.6517267;-2.8784907;0.8983283;-4.4063063;0.29358387;-10.206334;-2.1560998;-9.1926155;-3.6511126;-5.3808203;-0.5998738;-6.3812156;-3.5863621;-6.0241365;-2.7806654;-2.8020847;-7.3681927;-6.0887218;-4.591418;-2.6264584;-4.73854;1.5330098;-7.3194466;-5.734804;-4.102785;-3.5365224;-7.074912;-9.443177;-1.1739404;-6.0325193;-7.3398895;-6.629378;-5.4451456;-6.453029;-1.6569875;
-7.6992702;-10.854886;-5.885235;-8.909079;-11.976937;-6.2217617;-10.18798;-6.262786;-13.084264;-13.557492;-5.5928674;-5.8789062;-4.7288647;-12.657009;-9.106704;-8.850951;-9.83042;-10.36212;-8.471462;-8.838366;-12.199334;-9.515906;-11.729326;-11.139451;-10.625398;-8.594656;-8.286209;-4.7815037;-6.2326183;-5.1359777;-7.0621367;-6.2268424;-5.405478;-7.185374;-7.98078;-4.681854;-8.628791;-9.198129;-2.270443;-9.403975;-7.0628715;-8.813259;-6.1209507;-12.483924;-5.7120576;-8.157029;-5.7612004;-6.766733;-10.683563;-6.3321986;-13.518935;-7.169161;-12.569617;-5.646936;-8.763053;-6.5608544;-9.197724;-5.0899024;-10.002959;-7.1814218;-5.5201674;-7.9434032;-9.895158;-10.810836;-5.6158557;-7.4241285;-3.7837207;-9.282127;-8.342622;-7.215757;-4.7702813;-8.759665;-11.249656;-5.749233;-8.93135;-10.432802;-9.899835;-7.41024;-10.981319;5.059434;
-7.618739;-10.715758;-5.694305;-10.371155;-11.332443;-2.9063578;-10.518218;-5.6287794;-12.834568;-13.222747;-5.146453;-4.072909;-3.9535823;-12.466399;-7.3497343;-8.495178;-9.272278;-8.4706545;-10.173;-7.736706;-10.898122;-9.703992;-9.733041;-10.428827;-9.216224;-7.4597983;-8.25692;-5.0829115;-5.4188366;-5.1275845;-5.91077;-6.028519;-7.717535;-5.767329;-9.719574;-3.986552;-9.256576;-10.315838;-3.9677994;-10.049073;-6.3578353;-7.848876;-6.910685;-12.091471;-6.2390566;-6.3296695;-6.4451227;-8.792161;-11.176466;-7.3870344;-13.193037;-8.01824;-12.343497;-6.1793475;-6.7392774;-5.842186;-9.305107;-6.3035407;-9.360721;-6.354133;-6.844945;-8.117504;-10.4534855;-11.577493;-5.4693003;-7.102487;-4.895105;-8.454603;-7.416695;-7.8598223;-3.7164788;-6.523237;-10.320673;-6.582388;-8.109002;-9.546016;-8.689954;-6.9867663;-9.921774;4.398057;
-10.295153;-11.863963;-8.197857;-10.780311;-11.9334345;-1.8781472;-10.346764;-7.434343;-14.557974;-15.016277;-6.8718567;-7.738372;-6.129209;-13.861721;-7.4763412;-8.144258;-8.079305;-7.9895725;-9.866884;-6.9456387;-9.756057;-10.728144;-6.92549;-10.281714;-8.619826;-9.062916;-9.562481;-6.0030746;-3.155303;-6.4531097;-5.5885725;-1.7749889;-6.903604;-3.485601;-8.632541;-4.8017125;-9.949831;-9.544275;-5.231653;-9.619818;-6.747249;-6.851716;-5.0546317;-13.758666;-5.014817;-4.5377235;-5.1942453;-10.344375;-10.389226;-8.712391;-14.677061;-7.6172333;-13.571938;-6.252543;-5.152331;-6.0453205;-8.226865;-4.360292;-7.621918;-4.9383397;-7.5451727;-8.514543;-9.617445;-9.22471;-5.119721;-6.4332542;-7.8932037;-9.107806;-7.9029837;-8.345303;-5.5535116;-5.5723853;-6.9453015;-8.934884;-7.112962;-8.311425;-9.699547;-7.1046085;-9.408205;4.165517;
-8.300297;-9.1956215;-6.658701;-8.410163;-10.723354;-3.9634995;-8.879558;-8.459585;-11.666021;-11.931816;-5.712038;-7.164179;-7.791814;-11.052568;-6.845219;-7.978227;-7.6418443;-6.5013866;-7.8887386;-5.7085896;-7.4558563;-7.786535;-4.0612345;-8.867467;-10.03503;-8.712374;-8.341407;-4.1304436;-2.352743;-5.7300687;-4.100428;0.06983161;-5.885182;-2.2150435;-5.3801904;-4.134461;-8.733181;-5.6369805;-5.6739182;-5.793933;-5.832202;-5.3353;-2.9287732;-11.75909;-4.2696877;-0.38320696;-3.4536963;-8.194431;-8.315371;-6.7904687;-11.323217;-3.5333986;-10.640772;-4.663741;-4.939782;-7.572611;-6.017444;-2.2288978;-5.5331783;-4.773162;-6.6307745;-7.6833687;-8.924868;-9.320019;-6.3847723;-6.0642614;-6.801264;-6.4783936;-6.984402;-9.793;-4.865457;-1.1319109;-5.7113023;-9.117426;-6.957629;-5.9163394;-8.387657;-5.338932;-8.524565;-0.10859263;
-9.293247;-12.203088;-9.032251;-12.328119;-14.047555;-4.7101955;-12.621872;-11.230198;-13.518953;-13.263006;-6.0234795;-7.559675;-6.4223566;-13.000696;-9.633424;-12.009683;-12.6622305;-11.232624;-11.825659;-10.059305;-11.902599;-11.522662;-11.049471;-11.947752;-13.532685;-9.658436;-13.32001;-6.5222397;-9.455956;-8.034735;-7.663728;-5.941454;-10.423044;-6.1776543;-9.504118;-8.638809;-12.35985;-10.30981;-9.650685;-9.4171715;-8.639353;-8.819422;-8.501923;-12.477143;-9.079838;-4.647902;-8.492476;-9.62137;-11.611996;-9.505247;-13.094031;-6.1129975;-12.355628;-7.2929287;-8.820428;-9.293549;-6.6479363;-5.306395;-7.253641;-6.0885687;-9.552329;-8.61786;-8.659664;-12.191088;-8.480012;-7.322118;-5.694854;-7.997601;-7.234663;-10.681351;-4.605824;-3.006956;-9.419513;-10.06383;-7.3397;-8.592736;-10.16901;-5.3651795;-10.830313;4.944618;
-6.202264;-7.761263;-5.2640896;-9.028338;-8.78402;-3.4615297;-8.282868;-7.043184;-10.266787;-9.564024;-2.4176085;-2.059526;-1.5669422;-9.396778;-4.710829;-6.971631;-8.797147;-7.077186;-8.536336;-7.634714;-7.7976274;-6.9209023;-8.348944;-7.27777;-9.867549;-7.3758287;-9.519475;-3.2163296;-6.532905;-4.7006297;-2.2395124;-4.4459496;-7.387764;-3.9468584;-4.8581634;-4.304491;-8.650767;-5.2392383;-3.9345102;-4.8986382;-3.9689283;-4.2259436;-5.415866;-8.80081;-4.262808;-1.4455649;-4.873973;-5.19395;-7.6969385;-5.6992955;-9.251979;-0.9137288;-8.613637;-4.424064;-5.765258;-6.9218035;-2.7085123;-4.9534173;-5.981085;-3.2236912;-6.4045353;-6.3592944;-7.403499;-8.658161;-6.443862;-5.360155;-4.3572435;-5.756945;-5.4659986;-8.078938;-4.0411267;-1.6505246;-6.2158675;-6.605674;-6.5193605;-6.111618;-5.8982124;-1.6670271;-6.3875294;3.2100859;
